fixIdx,legIdx,tickLead,togo,area
126,2,1849.159340739058,193.863,447.496560458834
127,2,1859.159340739058,193.622,448.0574011180859
128,2,1869.159340739058,193.402,411.21505496264376
129,2,1879.159340739058,193.196,387.106824192225
130,2,1889.159340739058,193.013,345.71615935523386
131,2,1899.159340739058,193.005,15.193274725931033
133,2,1919.159340739058,192.951,103.63460439991306
134,2,1929.159340739058,192.797,297.0905384738079
135,2,1939.159340739058,192.654,277.2997857256866
136,2,1949.159340739058,192.475,348.8995219922954
137,2,1959.159340739058,192.276,389.8727088070409
138,2,1969.159340739058,192.081,383.9860714441589
139,2,1979.159340739058,191.924,310.728016495997
140,2,1989.159340739058,191.905,37.79402747405296
141,2,1999.159340739058,191.768,273.88482968125186
142,2,2009.159340739058,191.751,34.155708792555764
143,2,2019.159340739058,191.642,220.08836814057523
144,2,2029.159340739058,191.623,38.55402747405318
145,2,2039.159340739058,191.434,385.4011153996676
146,2,2049.159340739058,191.34,192.6209780294593
149,2,2079.159340739058,191.282,120.59124176285023
150,2,2089.159340739058,191.142,292.482307703499
151,2,2099.159340739058,190.931,442.92262089590827
154,2,2129.159340739058,190.887,93.68301099254226
155,2,2139.159340739058,190.7,400.02279671822913
156,2,2149.159340739058,190.557,307.32978572568675
157,2,2160.159340739058,190.375,393.1490000144825
158,2,2170.159340739058,190.256,258.2489615479474
159,2,2180.159340739058,190.101,337.92469781455645
160,2,2190.159340739058,189.931,372.32708792561243
161,2,2200.159340739058,189.747,404.82931869598116
162,2,2210.159340739058,189.6,324.8934230886852
163,2,2220.159340739058,189.451,330.80374177012163
164,2,2230.159340739058,189.286,367.9762912219268
165,2,2240.159340739058,189.132,344.98453847380677
166,2,2250.159340739058,188.969,366.775972540491
167,2,2260.159340739058,188.784,418.12947803673086
168,2,2270.159340739058,188.595,429.0601153996659
169,2,2280.159340739058,188.453,323.78262638493686
170,2,2290.159340739058,188.372,185.50290659983816
171,2,2300.159340739058,188.193,411.72852199229607
172,2,2310.159340739058,188.029,378.8661318812417
174,2,2330.159340739058,187.965,149.13019780728328
175,2,2340.159340739058,187.842,287.83959891088176
180,2,2390.159340739058,187.826,38.24254945187166
181,2,2400.159340739058,187.62,494.4328241922192
182,2,2410.159340739058,187.425,469.9810714440998
183,2,2420.159340739058,187.257,406.5867692441771
