fixIdx,legIdx,tickLead,togo,area
390,2,971.756742047195,138.289,90.37337701040637
391,2,975.756742047195,138.222,65.37570171714142
392,2,979.756742047195,138.207,14.696351130722405
