fixIdx,legIdx,tickLead,togo,area
240,2,561.756742047195,138.263,115.7218888617159
241,2,571.756742047195,138.213,28.587837102366247
243,2,591.756742047195,138.055,93.49756524344913
244,2,601.756742047195,137.92,81.23716017638294
247,2,631.756742047195,137.785,85.28716017636557
248,2,641.756742047195,137.639,93.69648433888186
249,2,651.756742047195,137.422,141.43121302424976
250,2,661.756742047195,137.407,9.926351130698896
251,2,671.756742047195,137.247,107.4810787275489
253,2,691.756742047195,137.123,85.77783601386854
254,2,701.756742047195,137.101,15.438648325032226
255,2,711.756742047195,137.07,22.064459003467253
256,2,721.756742047195,137.008,44.74891800691411
257,2,731.756742047195,136.965,31.465539908034042
259,2,752.756742047195,136.812,115.1717815332145
261,2,772.756742047195,136.598,165.36994279809866
262,2,782.756742047195,136.347,196.47194225384968
263,2,792.756742047195,136.259,69.76259330017082
264,2,802.756742047195,136.234,20.068918551161623
265,2,812.756742047195,136.155,64.20778262173468
267,2,832.756742047195,136.056,82.44291746266359
268,2,842.756742047195,135.983,61.521242169451554
270,2,862.756742047195,135.889,81.09913375243123
271,2,872.756742047195,135.817,62.83848542740042
273,2,892.756742047195,135.711,94.63221465699779
274,2,902.756742047195,135.694,15.346864614824277
277,2,932.756742047195,135.591,96.07394443084263
279,2,952.756742047195,135.473,112.42529556156424
281,2,972.756742047195,135.287,180.93275402078513
282,2,982.756742047195,135.145,139.55145737069768
283,2,992.756742047195,135.038,106.22497139904918
284,2,1002.756742047195,135.032,6.016540452283397
285,2,1012.756742047195,135.018,14.178594388670861
286,2,1022.756742047195,134.909,111.48048488315332
287,2,1032.756742047195,134.871,39.24475619777533
288,2,1042.756742047195,134.834,38.58199945575262
289,2,1052.756742047195,134.727,112.64497139904915
291,2,1072.756742047195,134.67,61.147134296707684
293,2,1092.756742047195,134.525,158.4497275968234
294,2,1102.756742047195,134.441,92.6315663319679
295,2,1112.756742047195,134.384,63.42713429670834
