fixIdx,legIdx,tickLead,togo,area
1892,2,607.704923401826,146.754,12.761803391447467
1893,2,609.704923401826,146.721,20.120262472252357
1894,2,611.704923401826,146.678,26.303311706282415
1895,2,613.704923401826,146.634,27.00301662968718
1896,2,615.704923401826,146.589,27.70672155307447
1897,2,617.704923401826,146.546,26.561311706282453
1898,2,619.704923401826,146.505,25.407901859472894
1899,2,621.704923401826,146.464,25.489901859472887
1900,2,623.704923401826,146.422,26.195606782877686
1901,2,625.704923401826,146.382,25.02819693606806
1902,2,627.704923401826,146.349,20.714262472269965
1903,2,629.704923401826,146.329,12.594098468025066
1904,2,631.704923401826,146.327,1.2634098468096846
