fixIdx,legIdx,tickLead,togo,area
528,2,264.751822415145,148.909,58.2454009313316
529,2,274.751822415145,148.678,63.467670977896994
530,2,284.751822415145,148.461,61.791145464082064
531,2,294.751822415145,148.252,61.603130884766244
532,2,304.751822415145,148.024,69.48341551065569
533,2,314.751822415145,147.804,69.24540093133155
534,2,324.751822415145,147.585,71.12064910891483
535,2,334.751822415145,147.37,71.97164181925731
536,2,344.751822415145,147.189,62.40007985714524
537,2,354.751822415145,146.963,80.17391186582245
538,2,364.751822415145,146.73,84.98717462273028
539,2,374.751822415145,146.505,84.31916004340549
540,2,384.751822415145,146.273,89.26242280031337
541,2,394.751822415145,146.039,92.37192644514744
542,2,405.751822415145,145.809,93.3229191554792
543,2,415.751822415145,145.578,96.03867097789623
544,2,425.751822415145,145.355,94.94265639858295
545,2,435.751822415145,145.104,109.37370742619109
546,2,445.751822415145,144.857,110.1007001365471
547,2,455.751822415145,144.645,96.61938635200576
549,2,475.751822415145,144.562,39.48740126045628
550,2,485.751822415145,144.405,76.26303611918296
551,2,495.751822415145,144.314,45.113415839782256
552,2,505.751822415145,144.28,17.19556196211079
553,2,515.751822415145,144.095,95.41408714680301
554,2,525.751822415145,143.883,111.45938635200501
555,2,535.751822415145,143.697,99.64983896922075
556,2,545.751822415145,143.54,85.68303611918361
557,2,555.751822415145,143.404,75.58224784845733
558,2,565.751822415145,143.281,69.58747415705744
559,2,575.751822415145,143.165,66.78721140016481
560,2,585.751822415145,143.034,76.73348873638413
561,2,595.751822415145,142.963,42.29837939147408
562,2,605.751822415145,142.866,58.75792677425695
563,2,615.751822415145,142.792,45.565634858728295
564,2,625.751822415145,142.641,94.48852518469344
565,2,635.751822415145,142.501,89.00525513811164
566,2,645.751822415145,142.417,54.243153082874244
567,2,655.751822415145,142.41,4.590262756909295
568,2,665.751822415145,142.392,11.983532803473064
569,2,675.751822415145,142.377,10.136277336217956
570,2,685.751822415145,142.248,88.46198509156682
571,2,695.751822415145,142.095,106.45002882951134
572,2,705.751822415145,141.951,101.62826242778473
